R_ID,Resource,Name,Existing_Cap_MW,num_units,Cap_size,Var_OM_cost_per_MWh,Var_OM_cost_per_MWh_in,Fuel,Heat_rate_MMBTU_per_MWh
1,CC,Astoria Energy 2 - CC3,330.00,1.00,330.00,3.00,0.00,NG,6.45
2,CC,Astoria Energy 2 - CC4,330.00,1.00,330.00,3.00,0.00,NG,6.45
3,CC,Astoria East Energy - CC1,320.00,1.00,320.00,3.00,0.00,NG,6.45
4,CC,Astoria East Energy - CC2,320.00,1.00,320.00,3.00,0.00,NG,6.45
5,ST,Astoria 2,180.00,1.00,180.00,3.00,0.00,NG,6.45
6,ST,Astoria 3,376.00,1.00,376.00,3.00,0.00,FO6,12.60
7,ST,Astoria 5,387.00,1.00,387.00,3.00,0.00,FO6,12.60
8,GT,Astoria GT 01,16.00,1.00,16.00,7.00,0.00,NG,9.82
9,GT,Gowanus 1-1,20.00,1.00,20.00,7.00,0.00,FO2,9.82
10,GT,Gowanus 1-2,20.00,1.00,20.00,7.00,0.00,FO2,9.82
11,GT,Gowanus 1-3,20.00,1.00,20.00,7.00,0.00,FO2,9.82
12,GT,Gowanus 1-4,20.00,1.00,20.00,7.00,0.00,FO2,9.82
13,GT,Gowanus 1-5,20.00,1.00,20.00,7.00,0.00,FO2,9.82
14,GT,Gowanus 1-6,20.00,1.00,20.00,7.00,0.00,FO2,9.82
15,GT,Gowanus 1-7,20.00,1.00,20.00,7.00,0.00,FO2,9.82
16,GT,Gowanus 1-8,20.00,1.00,20.00,7.00,0.00,FO2,9.82
17,GT,Gowanus 2-1,20.00,1.00,20.00,7.00,0.00,FO2,9.82
18,GT,Gowanus 2-2,20.00,1.00,20.00,7.00,0.00,FO2,9.82
19,GT,Gowanus 2-3,20.00,1.00,20.00,7.00,0.00,FO2,9.82
20,GT,Gowanus 2-4,20.00,1.00,20.00,7.00,0.00,FO2,9.82
21,GT,Gowanus 2-5,20.00,1.00,20.00,7.00,0.00,FO2,9.82
22,GT,Gowanus 2-6,20.00,1.00,20.00,7.00,0.00,FO2,9.82
23,GT,Gowanus 2-7,20.00,1.00,20.00,7.00,0.00,FO2,9.82
24,GT,Gowanus 2-8,20.00,1.00,20.00,7.00,0.00,FO2,9.82
25,GT,Gowanus 3-1,20.00,1.00,20.00,7.00,0.00,FO2,9.82
26,GT,Gowanus 3-2,20.00,1.00,20.00,7.00,0.00,FO2,9.82
27,GT,Gowanus 3-3,20.00,1.00,20.00,7.00,0.00,FO2,9.82
28,GT,Gowanus 3-4,20.00,1.00,20.00,7.00,0.00,FO2,9.82
29,GT,Gowanus 3-5,20.00,1.00,20.00,7.00,0.00,FO2,9.82
30,GT,Gowanus 3-6,20.00,1.00,20.00,7.00,0.00,FO2,9.82
31,GT,Gowanus 3-7,20.00,1.00,20.00,7.00,0.00,FO2,9.82
32,GT,Gowanus 3-8,20.00,1.00,20.00,7.00,0.00,FO2,9.82
33,GT,Gowanus 4-1,20.00,1.00,20.00,7.00,0.00,FO2,9.82
34,GT,Gowanus 4-2,20.00,1.00,20.00,7.00,0.00,FO2,9.82
35,GT,Gowanus 4-3,20.00,1.00,20.00,7.00,0.00,FO2,9.82
36,GT,Gowanus 4-4,20.00,1.00,20.00,7.00,0.00,FO2,9.82
37,GT,Gowanus 4-5,20.00,1.00,20.00,7.00,0.00,FO2,9.82
38,GT,Gowanus 4-6,20.00,1.00,20.00,7.00,0.00,FO2,9.82
39,GT,Gowanus 4-7,20.00,1.00,20.00,7.00,0.00,FO2,9.82
40,GT,Gowanus 4-8,20.00,1.00,20.00,7.00,0.00,FO2,9.82
41,GT,Narrows 1-1,22.00,1.00,22.00,7.00,0.00,FO2,9.82
42,GT,Narrows 1-2,22.00,1.00,22.00,7.00,0.00,FO2,9.82
43,GT,Narrows 1-3,22.00,1.00,22.00,7.00,0.00,FO2,9.82
44,GT,Narrows 1-4,22.00,1.00,22.00,7.00,0.00,FO2,9.82
45,GT,Narrows 1-5,22.00,1.00,22.00,7.00,0.00,FO2,9.82
46,GT,Narrows 1-6,22.00,1.00,22.00,7.00,0.00,FO2,9.82
47,GT,Narrows 1-7,22.00,1.00,22.00,7.00,0.00,FO2,9.82
48,GT,Narrows 1-8,22.00,1.00,22.00,7.00,0.00,FO2,9.82
49,GT,Narrows 2-1,22.00,1.00,22.00,7.00,0.00,FO2,9.82
50,GT,Narrows 2-2,22.00,1.00,22.00,7.00,0.00,FO2,9.82
51,GT,Narrows 2-3,22.00,1.00,22.00,7.00,0.00,FO2,9.82
52,GT,Narrows 2-4,22.00,1.00,22.00,7.00,0.00,FO2,9.82
53,GT,Narrows 2-5,22.00,1.00,22.00,7.00,0.00,FO2,9.82
54,GT,Narrows 2-6,22.00,1.00,22.00,7.00,0.00,FO2,9.82
55,GT,Narrows 2-7,22.00,1.00,22.00,7.00,0.00,FO2,9.82
56,GT,Narrows 2-8,22.00,1.00,22.00,7.00,0.00,FO2,9.82
57,JE,Bayonne EC CTG1,64.00,1.00,64.00,3.00,0.00,NG,6.45
58,JE,Bayonne EC CTG2,64.00,1.00,64.00,3.00,0.00,NG,6.45
59,JE,Bayonne EC CTG3,64.00,1.00,64.00,3.00,0.00,NG,6.45
60,JE,Bayonne EC CTG4,64.00,1.00,64.00,3.00,0.00,NG,6.45
61,JE,Bayonne EC CTG5,64.00,1.00,64.00,3.00,0.00,NG,6.45
62,JE,Bayonne EC CTG6,64.00,1.00,64.00,3.00,0.00,NG,6.45
63,JE,Bayonne EC CTG7,64.00,1.00,64.00,3.00,0.00,NG,6.45
64,JE,Bayonne EC CTG8,64.00,1.00,64.00,3.00,0.00,NG,6.45
65,JE,Bayonne EC CTG9,64.00,1.00,64.00,3.00,0.00,NG,6.45
66,JE,Bayonne EC CTG10,64.00,1.00,64.00,3.00,0.00,NG,6.45
67,HY,Glen Park Hydro,32.60,1.00,32.60,0.00,0.00,WAT,0.00
68,HY,Fourth Branch,3.30,1.00,3.30,0.00,0.00,WAT,0.00
69,HY,NYS Dam,11.40,1.00,11.40,0.00,0.00,WAT,0.00
70,HY,Sissonville,3.10,1.00,3.10,0.00,0.00,WAT,0.00
71,HY,Warrensburg,2.90,1.00,2.90,0.00,0.00,WAT,0.00
72,CC,Bethpage,83.60,1.00,83.60,3.00,0.00,NG,6.45
73,GT,Bethpage GT4,60.00,1.00,60.00,7.00,0.00,NG,9.82
74,CC,KIAC_JFK_GT1,60.60,1.00,60.60,3.00,0.00,NG,6.45
75,CC,KIAC_JFK_GT2,60.60,1.00,60.60,3.00,0.00,NG,6.45
76,GT,Stony Brook (BTM:NG),47.00,1.00,47.00,7.00,0.00,NG,9.82
77,WT,Canandaigua Wind Power,125.00,1.00,125.00,0.00,0.00,WND,0.00
78,WT,Fenner Wind Power,30.00,1.00,30.00,0.00,0.00,WND,0.00
79,CC,Carr St.-E. Syr,122.60,1.00,122.60,3.00,0.00,NG,6.45
80,CC,Castleton Energy Center,72.00,1.00,72.00,3.00,0.00,NG,6.45
81,ST,Cayuga 1 (MOTHBALL),155.30,1.00,155.30,3.00,0.00,BIT,8.80
82,GT,Coxsackie GT,21.60,1.00,21.60,7.00,0.00,KER,9.82
83,HY,Dashville 1,2.40,1.00,2.40,0.00,0.00,WAT,0.00
84,HY,Dashville 2,2.40,1.00,2.40,0.00,0.00,WAT,0.00
85,ST,DCRRA,9.20,1.00,9.20,3.00,0.00,REF,13.50
86,HY,High Falls,3.20,1.00,3.20,0.00,0.00,WAT,0.00
87,HY,Millpond,0.90,1.00,0.90,0.00,0.00,WAT,0.00
88,HY,Montgomery West,0.20,1.00,0.20,0.00,0.00,WAT,0.00
89,HY,Salisbury Mills,0.50,1.00,0.50,0.00,0.00,WAT,0.00
90,GT,South Cairo,21.60,1.00,21.60,7.00,0.00,KER,9.82
91,HY,Sturgeon 1,4.80,1.00,4.80,0.00,0.00,WAT,0.00
92,HY,Sturgeon 2,4.80,1.00,4.80,0.00,0.00,WAT,0.00
93,HY,Sturgeon 3,4.80,1.00,4.80,0.00,0.00,WAT,0.00
94,HY,Wallkill,0.50,1.00,0.50,0.00,0.00,WAT,0.00
95,HY,Wappingers Falls,2.00,1.00,2.00,0.00,0.00,WAT,0.00
96,HY,Goodyear Lake,1.40,1.00,1.40,0.00,0.00,WAT,0.00
97,GT,59 St. GT 1,17.10,1.00,17.10,7.00,0.00,KER,9.82
98,GT,74 St. GT 1,18.50,1.00,18.50,7.00,0.00,KER,9.82
99,GT,74 St. GT 2,18.50,1.00,18.50,7.00,0.00,KER,9.82
100,CC,Brooklyn Navy Yard,322.00,1.00,322.00,3.00,0.00,NG,6.45
101,CC,East River 1,185.00,1.00,185.00,3.00,0.00,NG,6.45
102,CC,East River 2,185.00,1.00,185.00,3.00,0.00,NG,6.45
103,ST,East River 6,156.20,1.00,156.20,3.00,0.00,NG,9.82
104,ST,East River 7,200.00,1.00,200.00,3.00,0.00,NG,9.82
105,GT,Hudson Ave 3 (IIFO),16.30,1.00,16.30,7.00,0.00,KER,9.82
106,GT,Hudson Ave 4 (RETIRED),16.30,1.00,16.30,7.00,0.00,KER,9.82
107,GT,Hudson Ave 5,16.30,1.00,16.30,7.00,0.00,KER,9.82
108,IC,Albany LFGE,5.60,1.00,5.60,3.00,0.00,MTE,6.45
109,CC,Beaver Falls,107.80,1.00,107.80,3.00,0.00,NG,6.45
110,IC,Broome 2 LFGE,2.10,1.00,2.10,3.00,0.00,MTE,6.45
111,ST,Danskammer 1,72.00,1.00,72.00,3.00,0.00,NG,9.82
112,ST,Danskammer 2,73.50,1.00,73.50,3.00,0.00,NG,9.82
113,ST,Danskammer 3,147.10,1.00,147.10,3.00,0.00,NG,9.82
114,ST,Danskammer 4,239.40,1.00,239.40,3.00,0.00,NG,9.82
115,CC,Massena,102.10,1.00,102.10,3.00,0.00,NG,6.45
116,WT,Munnsville Wind Power,34.50,1.00,34.50,0.00,0.00,WND,0.00
117,CC,Rensselaer,96.90,1.00,96.90,3.00,0.00,NG,6.45
118,ST,Roseton 1,621.00,1.00,621.00,3.00,0.00,FO6,9.82
119,ST,Roseton 2,621.00,1.00,621.00,3.00,0.00,FO6,9.82
120,CC,Selkirk-I,107.20,1.00,107.20,3.00,0.00,NG,6.45
121,CC,Selkirk-II,338.80,1.00,338.80,3.00,0.00,NG,6.45
122,CC,Syracuse,102.70,1.00,102.70,3.00,0.00,NG,6.45
123,HY,Groveville Hydro,0.90,1.00,0.90,0.00,0.00,WAT,0.00
124,HY,Walden Hydro,2.40,1.00,2.40,0.00,0.00,WAT,0.00
125,ST,American Ref-Fuel 1,25.00,1.00,25.00,3.00,0.00,REF,9.82
126,ST,American Ref-Fuel 2,25.00,1.00,25.00,3.00,0.00,REF,9.82
127,CC,CPV_VALLEY___CC1,385.00,1.00,385.00,3.00,0.00,NG,6.45
128,CC,CPV_VALLEY___CC2,385.00,1.00,385.00,3.00,0.00,NG,6.45
129,CC,CRICKET___VALLEY_CC1,392.30,1.00,392.30,3.00,0.00,NG,6.45
130,CC,CRICKET___VALLEY_CC2,392.30,1.00,392.30,3.00,0.00,NG,6.45
131,CC,CRICKET___VALLEY_CC3,392.30,1.00,392.30,3.00,0.00,NG,6.45
132,IC,Arthur Kill Cogen,11.10,1.00,11.10,3.00,0.00,NG,6.45
133,CC,Independence,1254.00,1.00,1254.00,3.00,0.00,NG,6.45
134,HY,Mongaup 1,1.00,1.00,1.00,0.00,0.00,WAT,0.00
135,HY,Mongaup 2,1.00,1.00,1.00,0.00,0.00,WAT,0.00
136,HY,Mongaup 3,1.00,1.00,1.00,0.00,0.00,WAT,0.00
137,HY,Mongaup 4,1.00,1.00,1.00,0.00,0.00,WAT,0.00
138,HY,Rio,10.80,1.00,10.80,0.00,0.00,WAT,0.00
139,HY,Swinging Bridge 2,7.00,1.00,7.00,0.00,0.00,WAT,0.00
140,CC,Linden Cogen,800.00,1.00,800.00,3.00,0.00,NG,6.45
141,WT,Copenhagen Wind Farm,79.90,1.00,79.90,0.00,0.00,WND,0.00
142,WT,Arkwright Summit Wind Farm,78.40,1.00,78.40,0.00,0.00,WND,0.00
143,CC,Lockport,221.30,1.00,221.30,3.00,0.00,NG,6.45
144,ST,Greenidge 4 (BTM:NG),112.50,1.00,112.50,3.00,0.00,NG,9.82
145,CC,Fortistar - N.Tonawanda,68.50,1.00,68.50,3.00,0.00,NG,6.45
146,CC,EMPIRE_CC_1,335.00,1.00,335.00,3.00,0.00,NG,6.45
147,CC,EMPIRE_CC_2,335.00,1.00,335.00,3.00,0.00,NG,6.45
148,CC,Nassau Energy Corporation,55.00,1.00,55.00,3.00,0.00,NG,6.45
149,NP,Indian Point 2,1299.00,1.00,1299.00,2.00,0.00,UR,10.46
150,NP,Indian Point 3,1012.00,1.00,1012.00,2.00,0.00,UR,10.46
151,HY,Belfort 1,0.40,1.00,0.40,0.00,0.00,WAT,0.00
152,HY,Belfort 2,0.60,1.00,0.60,0.00,0.00,WAT,0.00
153,HY,Belfort 3,1.00,1.00,1.00,0.00,0.00,WAT,0.00
154,HY,Eagle 1,1.30,1.00,1.30,0.00,0.00,WAT,0.00
155,HY,Eagle 2,1.40,1.00,1.40,0.00,0.00,WAT,0.00
156,HY,Eagle 3,1.40,1.00,1.40,0.00,0.00,WAT,0.00
157,HY,Eagle 4,2.10,1.00,2.10,0.00,0.00,WAT,0.00
158,HY,Effley 1,0.40,1.00,0.40,0.00,0.00,WAT,0.00
159,HY,Effley 2,0.40,1.00,0.40,0.00,0.00,WAT,0.00
160,HY,Effley 3,0.60,1.00,0.60,0.00,0.00,WAT,0.00
161,HY,Effley 4,1.60,1.00,1.60,0.00,0.00,WAT,0.00
162,HY,Elmer 1,0.80,1.00,0.80,0.00,0.00,WAT,0.00
163,HY,Elmer 2,0.80,1.00,0.80,0.00,0.00,WAT,0.00
164,HY,High Falls 1,1.60,1.00,1.60,0.00,0.00,WAT,0.00
165,HY,High Falls 2,1.60,1.00,1.60,0.00,0.00,WAT,0.00
166,HY,High Falls 3,1.60,1.00,1.60,0.00,0.00,WAT,0.00
167,HY,Moshier 1,4.00,1.00,4.00,0.00,0.00,WAT,0.00
168,HY,Moshier 2,4.00,1.00,4.00,0.00,0.00,WAT,0.00
169,HY,Soft Maple 1,7.50,1.00,7.50,0.00,0.00,WAT,0.00
170,HY,Soft Maple 2,7.50,1.00,7.50,0.00,0.00,WAT,0.00
171,HY,Taylorville 1,1.10,1.00,1.10,0.00,0.00,WAT,0.00
172,HY,Taylorville 2,1.10,1.00,1.10,0.00,0.00,WAT,0.00
173,HY,Taylorville 3,1.10,1.00,1.10,0.00,0.00,WAT,0.00
174,HY,Taylorville 4,1.20,1.00,1.20,0.00,0.00,WAT,0.00
175,HY,Beebee Island 1,4.00,1.00,4.00,0.00,0.00,WAT,0.00
176,HY,Beebee Island 2,4.00,1.00,4.00,0.00,0.00,WAT,0.00
177,HY,Black River 1,2.00,1.00,2.00,0.00,0.00,WAT,0.00
178,HY,Black River 2,2.00,1.00,2.00,0.00,0.00,WAT,0.00
179,HY,Black River 3,2.00,1.00,2.00,0.00,0.00,WAT,0.00
180,HY,Deferiet 1,3.60,1.00,3.60,0.00,0.00,WAT,0.00
181,HY,Deferiet 2,3.60,1.00,3.60,0.00,0.00,WAT,0.00
182,HY,Deferiet 3,3.60,1.00,3.60,0.00,0.00,WAT,0.00
183,HY,Herrings 1,1.80,1.00,1.80,0.00,0.00,WAT,0.00
184,HY,Herrings 2,1.80,1.00,1.80,0.00,0.00,WAT,0.00
185,HY,Herrings 3,1.80,1.00,1.80,0.00,0.00,WAT,0.00
186,HY,Kamargo 1,1.80,1.00,1.80,0.00,0.00,WAT,0.00
187,HY,Kamargo 2,1.80,1.00,1.80,0.00,0.00,WAT,0.00
188,HY,Kamargo 3,1.80,1.00,1.80,0.00,0.00,WAT,0.00
189,HY,Sewalls 1,1.00,1.00,1.00,0.00,0.00,WAT,0.00
190,HY,Sewalls 2,1.00,1.00,1.00,0.00,0.00,WAT,0.00
191,HY,Beardslee 1,10.00,1.00,10.00,0.00,0.00,WAT,0.00
192,HY,Beardslee 2,10.00,1.00,10.00,0.00,0.00,WAT,0.00
193,HY,Ephratah 1,1.40,1.00,1.40,0.00,0.00,WAT,0.00
194,HY,Ephratah 2,1.20,1.00,1.20,0.00,0.00,WAT,0.00
195,HY,Ephratah 3,1.30,1.00,1.30,0.00,0.00,WAT,0.00
196,HY,Ephratah 4,1.30,1.00,1.30,0.00,0.00,WAT,0.00
197,HY,Inghams 1,3.20,1.00,3.20,0.00,0.00,WAT,0.00
198,HY,Inghams 2,3.20,1.00,3.20,0.00,0.00,WAT,0.00
199,HY,Johnsonville 1,1.20,1.00,1.20,0.00,0.00,WAT,0.00
200,HY,Johnsonville 2,1.20,1.00,1.20,0.00,0.00,WAT,0.00
201,HY,Schaghticoke 1,3.30,1.00,3.30,0.00,0.00,WAT,0.00
202,HY,Schaghticoke 2,3.30,1.00,3.30,0.00,0.00,WAT,0.00
203,HY,Schaghticoke 3,3.30,1.00,3.30,0.00,0.00,WAT,0.00
204,HY,Schaghticoke 4,3.30,1.00,3.30,0.00,0.00,WAT,0.00
205,HY,School Street 1,7.20,1.00,7.20,0.00,0.00,WAT,0.00
206,HY,School Street 2,7.20,1.00,7.20,0.00,0.00,WAT,0.00
207,HY,School Street 3,7.20,1.00,7.20,0.00,0.00,WAT,0.00
208,HY,School Street 4,7.20,1.00,7.20,0.00,0.00,WAT,0.00
209,HY,School Street 5,10.00,1.00,10.00,0.00,0.00,WAT,0.00
210,HY,Schuylerville,1.20,1.00,1.20,0.00,0.00,WAT,0.00
211,HY,Colton 1,10.00,1.00,10.00,0.00,0.00,WAT,0.00
212,HY,Colton 2,10.00,1.00,10.00,0.00,0.00,WAT,0.00
213,HY,Colton 3,10.00,1.00,10.00,0.00,0.00,WAT,0.00
214,HY,East Norfolk,3.60,1.00,3.60,0.00,0.00,WAT,0.00
215,HY,Hannawa Falls 1,3.60,1.00,3.60,0.00,0.00,WAT,0.00
216,HY,Hannawa Falls 2,3.60,1.00,3.60,0.00,0.00,WAT,0.00
217,HY,Higley 1,1.20,1.00,1.20,0.00,0.00,WAT,0.00
218,HY,Higley 2,1.20,1.00,1.20,0.00,0.00,WAT,0.00
219,HY,Higley 3,2.10,1.00,2.10,0.00,0.00,WAT,0.00
220,HY,Higley 4,2.10,1.00,2.10,0.00,0.00,WAT,0.00
221,HY,Norfolk,4.50,1.00,4.50,0.00,0.00,WAT,0.00
222,HY,Norwood,2.00,1.00,2.00,0.00,0.00,WAT,0.00
223,HY,Raymondville,2.00,1.00,2.00,0.00,0.00,WAT,0.00
224,HY,Sugar Island 1,2.50,1.00,2.50,0.00,0.00,WAT,0.00
225,HY,Sugar Island 2,2.50,1.00,2.50,0.00,0.00,WAT,0.00
226,HY,Yaleville 1,0.50,1.00,0.50,0.00,0.00,WAT,0.00
227,HY,Yaleville 2,0.20,1.00,0.20,0.00,0.00,WAT,0.00
228,HY,Allens Falls,4.40,1.00,4.40,0.00,0.00,WAT,0.00
229,HY,Chasm 1,1.00,1.00,1.00,0.00,0.00,WAT,0.00
230,HY,Chasm 2,1.00,1.00,1.00,0.00,0.00,WAT,0.00
231,HY,Chasm 3,1.40,1.00,1.40,0.00,0.00,WAT,0.00
232,HY,Franklin 1,1.10,1.00,1.10,0.00,0.00,WAT,0.00
233,HY,Franklin 2,1.10,1.00,1.10,0.00,0.00,WAT,0.00
234,HY,Macomb,1.00,1.00,1.00,0.00,0.00,WAT,0.00
235,HY,Parishville,2.40,1.00,2.40,0.00,0.00,WAT,0.00
236,HY,Piercefield 1,1.50,1.00,1.50,0.00,0.00,WAT,0.00
237,HY,Piercefield 2,0.60,1.00,0.60,0.00,0.00,WAT,0.00
238,HY,Piercefield 3,0.60,1.00,0.60,0.00,0.00,WAT,0.00
239,HY,Hydraulic Race,4.70,1.00,4.70,0.00,0.00,WAT,0.00
240,HY,Glenwood 1,0.50,1.00,0.50,0.00,0.00,WAT,0.00
241,HY,Glenwood 2,0.50,1.00,0.50,0.00,0.00,WAT,0.00
242,HY,Glenwood 3,0.50,1.00,0.50,0.00,0.00,WAT,0.00
243,HY,Oak Orchard,0.40,1.00,0.40,0.00,0.00,WAT,0.00
244,HY,Waterport 1,2.30,1.00,2.30,0.00,0.00,WAT,0.00
245,HY,Waterport 2,2.50,1.00,2.50,0.00,0.00,WAT,0.00
246,HY,Browns Falls 1,7.50,1.00,7.50,0.00,0.00,WAT,0.00
247,HY,Browns Falls 2,7.50,1.00,7.50,0.00,0.00,WAT,0.00
248,HY,Eel Weir 1,0.50,1.00,0.50,0.00,0.00,WAT,0.00
249,HY,Eel Weir 2,1.10,1.00,1.10,0.00,0.00,WAT,0.00
250,HY,Eel Weir 3,1.10,1.00,1.10,0.00,0.00,WAT,0.00
251,HY,Flat Rock 1,3.00,1.00,3.00,0.00,0.00,WAT,0.00
252,HY,Flat Rock 2,3.00,1.00,3.00,0.00,0.00,WAT,0.00
253,HY,Heuvelton 1,0.50,1.00,0.50,0.00,0.00,WAT,0.00
254,HY,Heuvelton 2,0.50,1.00,0.50,0.00,0.00,WAT,0.00
255,HY,Lower Newton Falls 1 ,0.50,1.00,0.50,0.00,0.00,WAT,0.00
256,HY,Oswegatchie 1,0.60,1.00,0.60,0.00,0.00,WAT,0.00
257,HY,Oswegatchie 2,0.20,1.00,0.20,0.00,0.00,WAT,0.00
258,HY,South Edwards 1,1.00,1.00,1.00,0.00,0.00,WAT,0.00
259,HY,South Edwards 2,1.00,1.00,1.00,0.00,0.00,WAT,0.00
260,HY,South Edwards 3,0.70,1.00,0.70,0.00,0.00,WAT,0.00
261,HY,South Edwards 4,0.20,1.00,0.20,0.00,0.00,WAT,0.00
262,HY,Talcville 1,0.50,1.00,0.50,0.00,0.00,WAT,0.00
263,HY,Talcville 2,0.50,1.00,0.50,0.00,0.00,WAT,0.00
264,HY,Upper Newton Falls 2,0.50,1.00,0.50,0.00,0.00,WAT,0.00
265,HY,Upper Newton Falls 3,0.50,1.00,0.50,0.00,0.00,WAT,0.00
266,HY,Upper Newton Falls 4,0.50,1.00,0.50,0.00,0.00,WAT,0.00
267,HY,Baldwinsville 1,0.30,1.00,0.30,0.00,0.00,WAT,0.00
268,HY,Baldwinsville 2,0.30,1.00,0.30,0.00,0.00,WAT,0.00
269,HY,Fulton 1,0.80,1.00,0.80,0.00,0.00,WAT,0.00
270,HY,Fulton 2,0.50,1.00,0.50,0.00,0.00,WAT,0.00
271,HY,Granby 1,5.00,1.00,5.00,0.00,0.00,WAT,0.00
272,HY,Granby 2,5.00,1.00,5.00,0.00,0.00,WAT,0.00
273,HY,Minetto 2,1.60,1.00,1.60,0.00,0.00,WAT,0.00
274,HY,Minetto 3,1.60,1.00,1.60,0.00,0.00,WAT,0.00
275,HY,Minetto 4,1.60,1.00,1.60,0.00,0.00,WAT,0.00
276,HY,Minetto 5,1.60,1.00,1.60,0.00,0.00,WAT,0.00
277,HY,Minetto 6,1.60,1.00,1.60,0.00,0.00,WAT,0.00
278,HY,Oswego Falls E 1,1.50,1.00,1.50,0.00,0.00,WAT,0.00
279,HY,Oswego Falls E 2,1.50,1.00,1.50,0.00,0.00,WAT,0.00
280,HY,Oswego Falls E 3,1.50,1.00,1.50,0.00,0.00,WAT,0.00
281,HY,Oswego Falls W 4,0.90,1.00,0.90,0.00,0.00,WAT,0.00
282,HY,Oswego Falls W 5,0.90,1.00,0.90,0.00,0.00,WAT,0.00
283,HY,Oswego Falls W 6,0.50,1.00,0.50,0.00,0.00,WAT,0.00
284,HY,Oswego Falls W 7,0.50,1.00,0.50,0.00,0.00,WAT,0.00
285,HY,Varick 2,2.20,1.00,2.20,0.00,0.00,WAT,0.00
286,HY,Varick 3,2.20,1.00,2.20,0.00,0.00,WAT,0.00
287,HY,Varick 4,2.20,1.00,2.20,0.00,0.00,WAT,0.00
288,HY,Varick 5,2.20,1.00,2.20,0.00,0.00,WAT,0.00
289,HY,Bennetts Bridge 1,6.40,1.00,6.40,0.00,0.00,WAT,0.00
290,HY,Bennetts Bridge 2,6.40,1.00,6.40,0.00,0.00,WAT,0.00
291,HY,Bennetts Bridge 3,7.00,1.00,7.00,0.00,0.00,WAT,0.00
292,HY,Bennetts Bridge 4,7.00,1.00,7.00,0.00,0.00,WAT,0.00
293,HY,Lighthouse Hill 1,3.80,1.00,3.80,0.00,0.00,WAT,0.00
294,HY,Lighthouse Hill 2,3.80,1.00,3.80,0.00,0.00,WAT,0.00
295,HY,E J West 1,10.00,1.00,10.00,0.00,0.00,WAT,0.00
296,HY,E J West 2,10.00,1.00,10.00,0.00,0.00,WAT,0.00
297,HY,Feeder Dam 1,1.20,1.00,1.20,0.00,0.00,WAT,0.00
298,HY,Feeder Dam 2,1.20,1.00,1.20,0.00,0.00,WAT,0.00
299,HY,Feeder Dam 3,1.20,1.00,1.20,0.00,0.00,WAT,0.00
300,HY,Feeder Dam 4,1.20,1.00,1.20,0.00,0.00,WAT,0.00
301,HY,Feeder Dam 5,1.20,1.00,1.20,0.00,0.00,WAT,0.00
302,HY,Sherman Island 1,8.00,1.00,8.00,0.00,0.00,WAT,0.00
303,HY,Sherman Island 2,7.20,1.00,7.20,0.00,0.00,WAT,0.00
304,HY,Sherman Island 3,8.70,1.00,8.70,0.00,0.00,WAT,0.00
305,HY,Sherman Island 4,7.20,1.00,7.20,0.00,0.00,WAT,0.00
306,HY,Sherman Island 5,7.20,1.00,7.20,0.00,0.00,WAT,0.00
307,HY,Sherman Island 6,1.30,1.00,1.30,0.00,0.00,WAT,0.00
308,HY,Spier Falls 1,6.80,1.00,6.80,0.00,0.00,WAT,0.00
309,HY,Spier Falls 2,37.60,1.00,37.60,0.00,0.00,WAT,0.00
310,HY,Stewarts Bridge 1,30.00,1.00,30.00,0.00,0.00,WAT,0.00
311,HY,Stewarts Bridge 2,2.50,1.00,2.50,0.00,0.00,WAT,0.00
312,HY,Blake,14.40,1.00,14.40,0.00,0.00,WAT,0.00
313,HY,Five Falls,22.50,1.00,22.50,0.00,0.00,WAT,0.00
314,HY,Rainbow Falls,22.50,1.00,22.50,0.00,0.00,WAT,0.00
315,HY,South Colton,19.40,1.00,19.40,0.00,0.00,WAT,0.00
316,HY,Stark,22.50,1.00,22.50,0.00,0.00,WAT,0.00
317,HY,Prospect,17.30,1.00,17.30,0.00,0.00,WAT,0.00
318,HY,Trenton Falls 5,6.80,1.00,6.80,0.00,0.00,WAT,0.00
319,HY,Trenton Falls 6,6.40,1.00,6.40,0.00,0.00,WAT,0.00
320,HY,Trenton Falls 7,6.40,1.00,6.40,0.00,0.00,WAT,0.00
321,HY,West Delaware Hydro,7.50,1.00,7.50,0.00,0.00,WAT,0.00
322,WT,Erie Wind,15.00,1.00,15.00,0.00,0.00,WND,0.00
323,IC,Chaffee,6.40,1.00,6.40,3.00,0.00,MTE,9.82
324,IC,High Acres,9.60,1.00,9.60,3.00,0.00,MTE,9.82
325,NB,James A. FitzPatrick,882.00,1.00,882.00,2.00,0.00,UR,10.46
326,IC,Madison County LF,1.60,1.00,1.60,3.00,0.00,MTE,9.82
327,IC,Mill Seat,6.40,1.00,6.40,3.00,0.00,MTE,9.82
328,IC,Monroe Livingston (RETIRED),2.40,1.00,2.40,3.00,0.00,MTE,9.82
329,IC,Oneida-Herkimer  LFGE,3.20,1.00,3.20,3.00,0.00,MTE,9.82
330,IC,Synergy Biogas,2.00,1.00,2.00,3.00,0.00,MTE,9.82
331,WT,Maple Ridge Wind 2,90.80,1.00,90.80,0.00,0.00,WND,0.00
332,WT,Maple Ridge Wind 1,231.00,1.00,231.00,0.00,0.00,WND,0.00
333,IC,Freeport 1-2,2.90,1.00,2.90,3.00,0.00,FO2,9.82
334,IC,Freeport 1-3,3.10,1.00,3.10,3.00,0.00,FO2,9.82
335,IC,Freeport 1-4,5.10,1.00,5.10,3.00,0.00,FO2,9.82
336,GT,Freeport 2-3,18.10,1.00,18.10,7.00,0.00,KER,9.82
337,GT,Freeport CT 2,60.50,1.00,60.50,7.00,0.00,NG,9.82
338,ES,KCE NY 1,20.00,1.00,20.00,0.00,0.00,BAT,0.00
339,ST,Bowline 1,621.00,1.00,621.00,3.00,0.00,NG,9.82
340,ST,Bowline 2,621.00,1.00,621.00,3.00,0.00,NG,9.82
341,WT,Hardscrabble Wind,74.00,1.00,74.00,0.00,0.00,WND,0.00
342,GT,Ravenswood 01,18.60,1.00,18.60,7.00,0.00,NG,9.82
343,JE,Ravenswood 10,25.00,1.00,25.00,3.00,0.00,KER,9.82
344,JE,Ravenswood 11,25.00,1.00,25.00,3.00,0.00,KER,9.82
345,CC,Ravenswood CC 04,250.00,1.00,250.00,3.00,0.00,NG,6.45
346,ST,Ravenswood ST 01,400.00,1.00,400.00,3.00,0.00,FO6,9.82
347,ST,Ravenswood ST 02,400.00,1.00,400.00,3.00,0.00,FO6,9.82
348,ST,Ravenswood ST 03,1027.00,1.00,1027.00,3.00,0.00,FO6,9.82
349,WT,Howard Wind,55.40,1.00,55.40,0.00,0.00,WND,0.00
350,CC,Indeck-Silver Springs,56.60,1.00,56.60,3.00,0.00,NG,6.45
351,CC,Indeck-Corinth,147.00,1.00,147.00,3.00,0.00,NG,6.45
352,CC,Indeck-Olean,90.60,1.00,90.60,3.00,0.00,NG,6.45
353,CC,Indeck-Oswego,57.40,1.00,57.40,3.00,0.00,NG,6.45
354,CC,Indeck-Yerkes,59.90,1.00,59.90,3.00,0.00,NG,6.45
355,IC,Chautauqua LFGE,9.60,1.00,9.60,3.00,0.00,MTE,6.45
356,IC,Clinton LFGE,6.40,1.00,6.40,3.00,0.00,MTE,6.45
357,IC,Colonie LFGTE,6.40,1.00,6.40,3.00,0.00,MTE,6.45
358,IC,DANC LFGE,6.40,1.00,6.40,3.00,0.00,MTE,6.45
359,IC,Fulton LFGE,3.20,1.00,3.20,3.00,0.00,MTE,6.45
360,IC,Hyland LFGE,4.80,1.00,4.80,3.00,0.00,MTE,6.45
361,IC,Steuben County LF (RETIRED),3.20,1.00,3.20,3.00,0.00,MTE,6.45
362,ST,Jamestown 5,28.70,1.00,28.70,3.00,0.00,NG,9.82
363,ST,Jamestown 6,25.00,1.00,25.00,3.00,0.00,NG,9.82
364,GT,Jamestown 7,47.30,1.00,47.30,7.00,0.00,NG,9.82
365,WT,Jericho Rise Wind Farm,77.70,1.00,77.70,0.00,0.00,WND,0.00
366,ES,East Hampton Battery Storage,5.00,1.00,5.00,0.00,0.00,BAT,0.00
367,ES,Montauk Battery Storage,5.00,1.00,5.00,0.00,0.00,BAT,0.00
368,ST,Babylon (RR),17.00,1.00,17.00,3.00,0.00,REF,13.50
369,GT,Barrett 03,18.00,1.00,18.00,7.00,0.00,NG,9.82
370,GT,Barrett 04,18.00,1.00,18.00,7.00,0.00,NG,9.82
371,GT,Barrett 05,18.00,1.00,18.00,7.00,0.00,NG,9.82
372,GT,Barrett 06,18.00,1.00,18.00,7.00,0.00,NG,9.82
373,GT,Barrett 08,18.00,1.00,18.00,7.00,0.00,NG,9.82
374,JE,Barrett 09,41.80,1.00,41.80,3.00,0.00,NG,6.45
375,JE,Barrett 10,41.80,1.00,41.80,3.00,0.00,NG,6.45
376,JE,Barrett 11,41.80,1.00,41.80,3.00,0.00,NG,6.45
377,JE,Barrett 12,41.80,1.00,41.80,3.00,0.00,NG,6.45
378,GT,Barrett GT 01,18.00,1.00,18.00,7.00,0.00,NG,9.82
379,GT,Barrett GT 02,18.00,1.00,18.00,7.00,0.00,NG,9.82
380,ST,Barrett ST 01,188.00,1.00,188.00,3.00,0.00,NG,9.82
381,ST,Barrett ST 02,188.00,1.00,188.00,3.00,0.00,NG,9.82
382,CC,Bethpage 3,96.00,1.00,96.00,3.00,0.00,NG,6.45
383,CC,Caithness_CC_1,375.00,1.00,375.00,3.00,0.00,NG,6.45
384,IC,East Hampton 2,2.00,1.00,2.00,3.00,0.00,FO2,6.45
385,IC,East Hampton 3,2.00,1.00,2.00,3.00,0.00,FO2,6.45
386,IC,East Hampton 4,2.00,1.00,2.00,3.00,0.00,FO2,6.45
387,JE,East Hampton GT 01,21.30,1.00,21.30,3.00,0.00,FO2,6.45
388,JE,Far Rockaway GT1,60.50,1.00,60.50,3.00,0.00,NG,6.45
389,JE,Far Rockaway GT2,60.50,1.00,60.50,3.00,0.00,NG,6.45
390,GT,Glenwood GT 01,16.00,1.00,16.00,7.00,0.00,FO2,9.82
391,GT,Glenwood GT 02,55.00,1.00,55.00,7.00,0.00,FO2,9.82
392,GT,Glenwood GT 03,55.00,1.00,55.00,7.00,0.00,FO2,9.82
393,GT,Glenwood GT 04,53.00,1.00,53.00,7.00,0.00,NG,9.82
394,GT,Glenwood GT 05,53.00,1.00,53.00,7.00,0.00,NG,9.82
395,JE,Greenport GT1,54.00,1.00,54.00,3.00,0.00,FO2,6.45
396,ST,Hempstead (RR),78.60,1.00,78.60,3.00,0.00,REF,9.82
397,JE,Holtsville 01,56.70,1.00,56.70,3.00,0.00,FO2,6.45
398,JE,Holtsville 02,56.70,1.00,56.70,3.00,0.00,FO2,6.45
399,JE,Holtsville 03,56.70,1.00,56.70,3.00,0.00,FO2,6.45
400,JE,Holtsville 04,56.70,1.00,56.70,3.00,0.00,FO2,6.45
401,JE,Holtsville 05,56.70,1.00,56.70,3.00,0.00,FO2,6.45
402,JE,Holtsville 06,56.70,1.00,56.70,3.00,0.00,FO2,6.45
403,JE,Holtsville 07,56.70,1.00,56.70,3.00,0.00,FO2,6.45
404,JE,Holtsville 08,56.70,1.00,56.70,3.00,0.00,FO2,6.45
405,JE,Holtsville 09,56.70,1.00,56.70,3.00,0.00,FO2,6.45
406,JE,Holtsville 10,56.70,1.00,56.70,3.00,0.00,FO2,6.45
407,ST,Huntington (RR),28.00,1.00,28.00,3.00,0.00,REF,9.82
408,ST,Islip (RR),12.50,1.00,12.50,3.00,0.00,REF,9.82
409,PV,Long Island Solar Farm,31.50,1.00,31.50,0.00,0.00,SUN,0.00
410,ST,Northport 1,387.00,1.00,387.00,3.00,0.00,NG,9.82
411,ST,Northport 2,387.00,1.00,387.00,3.00,0.00,NG,9.82
412,ST,Northport 3,387.00,1.00,387.00,3.00,0.00,NG,9.82
413,ST,Northport 4,387.00,1.00,387.00,3.00,0.00,NG,9.82
414,GT,Northport GT,16.00,1.00,16.00,7.00,0.00,FO2,9.82
415,IC,Oceanside (LF),2.10,1.00,2.10,3.00,0.00,MTE,6.45
416,IC,Oyster Bay (LF),1.30,1.00,1.30,3.00,0.00,MTE,6.45
417,GT,Pilgrim GT1,50.00,1.00,50.00,7.00,0.00,NG,9.82
418,GT,Pilgrim GT2,50.00,1.00,50.00,7.00,0.00,NG,9.82
419,CC,Pinelawn Power 1,82.00,1.00,82.00,3.00,0.00,NG,6.45
420,ST,Port Jefferson 3,188.00,1.00,188.00,3.00,0.00,FO6,9.82
421,ST,Port Jefferson 4,188.00,1.00,188.00,3.00,0.00,FO6,9.82
422,GT,Port Jefferson GT 01,16.00,1.00,16.00,7.00,0.00,FO2,9.82
423,GT,Port Jefferson GT 02,53.00,1.00,53.00,7.00,0.00,NG,9.82
424,GT,Port Jefferson GT 03,53.00,1.00,53.00,7.00,0.00,NG,9.82
425,GT,S Hampton 1,11.50,1.00,11.50,7.00,0.00,FO2,9.82
426,GT,Shoreham 1,52.90,1.00,52.90,7.00,0.00,FO2,9.82
427,JE,Shoreham 2,18.60,1.00,18.60,3.00,0.00,FO2,6.45
428,GT,Shoreham GT3,50.00,1.00,50.00,7.00,0.00,FO2,9.82
429,GT,Shoreham GT4,50.00,1.00,50.00,7.00,0.00,FO2,9.82
430,IC,Smithtown (LF),1.10,1.00,1.10,3.00,0.00,MTE,6.45
431,IC,South Oaks Hosp,1.00,1.00,1.00,3.00,0.00,NG,6.45
432,GT,Southold 1,14.00,1.00,14.00,7.00,0.00,FO2,9.82
433,GT,Wading River 1,79.50,1.00,79.50,7.00,0.00,FO2,9.82
434,GT,Wading River 2,79.50,1.00,79.50,7.00,0.00,FO2,9.82
435,GT,Wading River 3,79.50,1.00,79.50,7.00,0.00,FO2,9.82
436,GT,West Babylon 4,52.40,1.00,52.40,7.00,0.00,FO2,9.82
437,IC,Yaphank (LF),1.60,1.00,1.60,3.00,0.00,MTE,6.45
438,WT,Madison Wind Power,11.60,1.00,11.60,0.00,0.00,WND,0.00
439,WT,Marble River Wind,215.20,1.00,215.20,0.00,0.00,WND,0.00
440,WT,Marsh Hill Wind Farm,16.20,1.00,16.20,0.00,0.00,WND,0.00
441,IC,Model City Energy,5.60,1.00,5.60,3.00,0.00,MTE,6.45
442,IC,Modern LF,6.40,1.00,6.40,3.00,0.00,MTE,6.45
443,CC,Athens 1,407.20,1.00,407.20,3.00,0.00,NG,6.45
444,CC,Athens 2,407.20,1.00,407.20,3.00,0.00,NG,6.45
445,CC,Athens 3,407.20,1.00,407.20,3.00,0.00,NG,6.45
446,HY,Ashokan 1,2.30,1.00,2.30,0.00,0.00,WAT,0.00
447,HY,Ashokan 2,2.30,1.00,2.30,0.00,0.00,WAT,0.00
448,CC,Astoria CC 1,288.00,1.00,288.00,3.00,0.00,NG,6.45
449,CC,Astoria CC 2,288.00,1.00,288.00,3.00,0.00,NG,6.45
450,PS,Gilboa 1,290.00,1.00,290.00,0.00,0.00,WAT,0.00
451,PS,Gilboa 2,290.00,1.00,290.00,0.00,0.00,WAT,0.00
452,PS,Gilboa 3,290.00,1.00,290.00,0.00,0.00,WAT,0.00
453,PS,Gilboa 4,290.00,1.00,290.00,0.00,0.00,WAT,0.00
454,GT,Brentwood,47.00,1.00,47.00,7.00,0.00,NG,9.82
455,HY,Crescent 1,2.80,1.00,2.80,0.00,0.00,WAT,0.00
456,HY,Crescent 2,2.80,1.00,2.80,0.00,0.00,WAT,0.00
457,HY,Crescent 3,3.00,1.00,3.00,0.00,0.00,WAT,0.00
458,HY,Crescent 4,3.00,1.00,3.00,0.00,0.00,WAT,0.00
459,CC,Flynn,170.00,1.00,170.00,3.00,0.00,NG,6.45
460,GT,Gowanus 5,47.00,1.00,47.00,7.00,0.00,NG,9.82
461,GT,Gowanus 6,47.00,1.00,47.00,7.00,0.00,NG,9.82
462,HY,Grahamsville,18.00,1.00,18.00,0.00,0.00,WAT,0.00
463,IC,Greenport IC 4,1.20,1.00,1.20,3.00,0.00,FO2,6.45
464,IC,Greenport IC 5,1.80,1.00,1.80,3.00,0.00,FO2,6.45
465,IC,Greenport IC 6,3.80,1.00,3.80,3.00,0.00,FO2,6.45
466,GT,Harlem River 1,47.00,1.00,47.00,7.00,0.00,NG,9.82
467,GT,Harlem River 2,47.00,1.00,47.00,7.00,0.00,NG,9.82
468,GT,Hellgate 1,47.00,1.00,47.00,7.00,0.00,NG,9.82
469,GT,Hellgate 2,47.00,1.00,47.00,7.00,0.00,NG,9.82
470,HY,Jarvis 1,4.50,1.00,4.50,0.00,0.00,WAT,0.00
471,HY,Jarvis 2,4.50,1.00,4.50,0.00,0.00,WAT,0.00
472,GT,Kent,47.00,1.00,47.00,7.00,0.00,NG,9.82
473,PS,Lewiston PS (Fleet),240.00,1.00,240.00,0.00,0.00,WAT,0.00
474,HY,Moses Niagara (Fleet),2860.00,1.00,2860.00,0.00,0.00,WAT,0.00
475,HY,Neversink,25.00,1.00,25.00,0.00,0.00,WAT,0.00
476,GT,Pouch,47.00,1.00,47.00,7.00,0.00,NG,9.82
477,HY,St Lawrence - FDR (Fleet),1088.00,1.00,1088.00,0.00,0.00,WAT,0.00
478,GT,Vernon Blvd 2,47.00,1.00,47.00,7.00,0.00,NG,9.82
479,GT,Vernon Blvd 3,47.00,1.00,47.00,7.00,0.00,NG,9.82
480,HY,Vischer Ferry 1,2.80,1.00,2.80,0.00,0.00,WAT,0.00
481,HY,Vischer Ferry 2,2.80,1.00,2.80,0.00,0.00,WAT,0.00
482,HY,Vischer Ferry 3,3.00,1.00,3.00,0.00,0.00,WAT,0.00
483,HY,Vischer Ferry 4,3.00,1.00,3.00,0.00,0.00,WAT,0.00
484,IC,AA Dairy,0.10,1.00,0.10,3.00,0.00,MTE,6.45
485,HY,Alice Falls 1,1.50,1.00,1.50,0.00,0.00,WAT,0.00
486,HY,Alice Falls 2,0.60,1.00,0.60,0.00,0.00,WAT,0.00
487,HY,Allegheny 8,16.00,1.00,16.00,0.00,0.00,WAT,0.00
488,HY,Allegheny 9,22.00,1.00,22.00,0.00,0.00,WAT,0.00
489,HY,Auburn - Mill St.,0.40,1.00,0.40,0.00,0.00,WAT,0.00
490,HY,Auburn - No. Div.St,0.80,1.00,0.80,0.00,0.00,WAT,0.00
491,GT,Auburn - State St. (RETIRED),7.40,1.00,7.40,7.00,0.00,NG,9.82
492,IC,Broome LFGE,2.40,1.00,2.40,3.00,0.00,MTE,6.45
493,HY,Cadyville 1,1.20,1.00,1.20,0.00,0.00,WAT,0.00
494,HY,Cadyville 2,1.20,1.00,1.20,0.00,0.00,WAT,0.00
495,HY,Cadyville 3,3.10,1.00,3.10,0.00,0.00,WAT,0.00
496,HY,Chasm Falls Hydro,1.60,1.00,1.60,0.00,0.00,WAT,0.00
497,HY,Croton Falls Hydro,0.20,1.00,0.20,0.00,0.00,WAT,0.00
498,IC,Harris Lake,1.70,1.00,1.70,3.00,0.00,FO2,6.45
499,HY,High Falls 1,4.00,1.00,4.00,0.00,0.00,WAT,0.00
500,HY,High Falls 2,4.00,1.00,4.00,0.00,0.00,WAT,0.00
501,HY,High Falls 3,7.00,1.00,7.00,0.00,0.00,WAT,0.00
502,HY,Kent Falls 1,3.60,1.00,3.60,0.00,0.00,WAT,0.00
503,HY,Kent Falls 2,3.60,1.00,3.60,0.00,0.00,WAT,0.00
504,HY,Kent Falls 3,6.40,1.00,6.40,0.00,0.00,WAT,0.00
505,HY,Lower Saranac 1,3.20,1.00,3.20,0.00,0.00,WAT,0.00
506,HY,Lower Saranac 2,3.20,1.00,3.20,0.00,0.00,WAT,0.00
507,HY,Lower Saranac 3,0.30,1.00,0.30,0.00,0.00,WAT,0.00
508,HY,Mechanicville 1,9.20,1.00,9.20,0.00,0.00,WAT,0.00
509,HY,Mechanicville 2,9.30,1.00,9.30,0.00,0.00,WAT,0.00
510,HY,Mill C 1,1.00,1.00,1.00,0.00,0.00,WAT,0.00
511,HY,Mill C 2,1.20,1.00,1.20,0.00,0.00,WAT,0.00
512,HY,Mill C 3,3.80,1.00,3.80,0.00,0.00,WAT,0.00
513,HY,Montville Falls,0.20,1.00,0.20,0.00,0.00,WAT,0.00
514,HY,Rainbow Falls 1,1.30,1.00,1.30,0.00,0.00,WAT,0.00
515,HY,Rainbow Falls 2,1.30,1.00,1.30,0.00,0.00,WAT,0.00
516,HY,Waterloo 2,0.50,1.00,0.50,0.00,0.00,WAT,0.00
517,HY,Waterloo 3,0.50,1.00,0.50,0.00,0.00,WAT,0.00
518,HY,Waterloo 4,0.50,1.00,0.50,0.00,0.00,WAT,0.00
519,HY,Boralex - Hudson Falls,44.00,1.00,44.00,0.00,0.00,WAT,0.00
520,HY,Boralex - South Glens Falls,13.80,1.00,13.80,0.00,0.00,WAT,0.00
521,HY,CHI-LaChute,9.00,1.00,9.00,0.00,0.00,WAT,0.00
522,HY,Fortis - Dolgeville,5.00,1.00,5.00,0.00,0.00,WAT,0.00
523,HY,Fortis Energy - Philadelphia,3.60,1.00,3.60,0.00,0.00,WAT,0.00
524,HY,Fortis Energy - Moose River,12.60,1.00,12.60,0.00,0.00,WAT,0.00
525,GT,General Mills Inc,3.80,1.00,3.80,7.00,0.00,NG,9.82
526,HY,International Paper - Curtis,9.80,1.00,9.80,0.00,0.00,WAT,0.00
527,HY,International Paper - Palmer,49.20,1.00,49.20,0.00,0.00,WAT,0.00
528,HY,Little Falls Hydro,13.00,1.00,13.00,0.00,0.00,WAT,0.00
529,ST,Onondaga County,39.50,1.00,39.50,3.00,0.00,REF,13.50
530,HY,Pyrites Assoc.,8.20,1.00,8.20,0.00,0.00,WAT,0.00
531,HY,Adams Hydro,0.20,1.00,0.20,0.00,0.00,WAT,0.00
532,HY,Algon.-Herkimer,1.60,1.00,1.60,0.00,0.00,WAT,0.00
533,HY,Algon.-Otter Creek,0.50,1.00,0.50,0.00,0.00,WAT,0.00
534,IC,Allied Frozen Storage,0.10,1.00,0.10,3.00,0.00,NG,6.45
535,HY,Azure Mountain,0.60,1.00,0.60,0.00,0.00,WAT,0.00
536,HY,Beaver Falls #1,1.50,1.00,1.50,0.00,0.00,WAT,0.00
537,HY,Beaver Falls #2,1.00,1.00,1.00,0.00,0.00,WAT,0.00
538,HY,Bellows Towers,0.20,1.00,0.20,0.00,0.00,WAT,0.00
539,HY,Black River Hyd#1 - Rock Isl.,1.90,1.00,1.90,0.00,0.00,WAT,0.00
540,HY,Black River Hyd#2 - Denley,1.60,1.00,1.60,0.00,0.00,WAT,0.00
541,HY,Black River Hyd#3 - Pt. Leyden,2.20,1.00,2.20,0.00,0.00,WAT,0.00
542,HY,Boralex - Middle Falls,2.20,1.00,2.20,0.00,0.00,WAT,0.00
543,IC,"Burrstone Engy Center, LLC LU",1.10,1.00,1.10,3.00,0.00,NG,6.45
544,IC,"Burrstone Engy Center, LLC U",2.20,1.00,2.20,3.00,0.00,NG,6.45
545,HY,Burt Dam Hydro,0.60,1.00,0.60,0.00,0.00,WAT,0.00
546,HY,C.H.I. (Dexter) Hydro,4.20,1.00,4.20,0.00,0.00,WAT,0.00
547,HY,C.H.I. (Diamond Is),1.20,1.00,1.20,0.00,0.00,WAT,0.00
548,HY,C.H.I. (Fowler),0.60,1.00,0.60,0.00,0.00,WAT,0.00
549,HY,C.H.I. (Hailsboro #3),0.80,1.00,0.80,0.00,0.00,WAT,0.00
550,HY,C.H.I. (Hailsboro #4),1.40,1.00,1.40,0.00,0.00,WAT,0.00
551,HY,C.H.I. (Hailsboro #6),0.80,1.00,0.80,0.00,0.00,WAT,0.00
552,HY,C.H.I. (Theresa),1.30,1.00,1.30,0.00,0.00,WAT,0.00
553,IC,Cal Ban Power,0.10,1.00,0.10,3.00,0.00,NG,6.45
554,HY,Cellu-Tissue Corp - Natural Dam,1.00,1.00,1.00,0.00,0.00,WAT,0.00
555,HY,Champlain Spinner,0.40,1.00,0.40,0.00,0.00,WAT,0.00
556,HY,Chittenden Falls,0.60,1.00,0.60,0.00,0.00,WAT,0.00
557,HY,Christine Falls Hydro,0.90,1.00,0.90,0.00,0.00,WAT,0.00
558,HY,City of Oswego (High Dam),11.90,1.00,11.90,0.00,0.00,WAT,0.00
559,HY,City of Utica - Sand Road,0.20,1.00,0.20,0.00,0.00,WAT,0.00
560,HY,City of Utica -Trenton Falls,0.20,1.00,0.20,0.00,0.00,WAT,0.00
561,HY,City of Watertown,8.10,1.00,8.10,0.00,0.00,WAT,0.00
562,HY,City of Watervliet Hydro,1.50,1.00,1.50,0.00,0.00,WAT,0.00
563,HY,Cons. HY-Victory,1.70,1.00,1.70,0.00,0.00,WAT,0.00
564,HY,Copenhagen Assoc.,3.30,1.00,3.30,0.00,0.00,WAT,0.00
565,HY,Cottrell Paper,0.30,1.00,0.30,0.00,0.00,WAT,0.00
566,HY,Cranberry Lake,0.50,1.00,0.50,0.00,0.00,WAT,0.00
567,HY,Edison Hydro Electric,0.30,1.00,0.30,0.00,0.00,WAT,0.00
568,HY,Empire Hydro Partners,1.00,1.00,1.00,0.00,0.00,WAT,0.00
569,HY,Finch Paper LLC - Glens Falls,11.80,1.00,11.80,0.00,0.00,WAT,0.00
570,HY,Finch Pruyn,29.00,1.00,29.00,0.00,0.00,WAT,0.00
571,HY,Forestport Hydro,3.40,1.00,3.40,0.00,0.00,WAT,0.00
572,HY,Fort Miller Assoc (Hudson River),5.00,1.00,5.00,0.00,0.00,WAT,0.00
573,HY,Fortis Energy - Diana,1.80,1.00,1.80,0.00,0.00,WAT,0.00
574,HY,Franklin Hydro,0.30,1.00,0.30,0.00,0.00,WAT,0.00
575,IC,Gloversville Johnstown WWT,0.70,1.00,0.70,3.00,0.00,MTE,6.45
576,HY,Green Island Power Authority,6.00,1.00,6.00,0.00,0.00,WAT,0.00
577,HY,Hewittville Hydro,3.00,1.00,3.00,0.00,0.00,WAT,0.00
578,HY,Hollings&Vose-Center,0.40,1.00,0.40,0.00,0.00,WAT,0.00
579,HY,Hollings&Vose-Lower,0.40,1.00,0.40,0.00,0.00,WAT,0.00
580,HY,Hollings&Vose-Upper,0.40,1.00,0.40,0.00,0.00,WAT,0.00
581,HY,Hollow Dam Power,1.00,1.00,1.00,0.00,0.00,WAT,0.00
582,HY,Hoosick Falls,0.60,1.00,0.60,0.00,0.00,WAT,0.00
583,IC,Hydrocarbon-Algny,0.20,1.00,0.20,3.00,0.00,NG,6.45
584,HY,Indian Falls HY,0.30,1.00,0.30,0.00,0.00,WAT,0.00
585,HY,Kayuta Lake,0.40,1.00,0.40,0.00,0.00,WAT,0.00
586,HY,Kings Falls,1.60,1.00,1.60,0.00,0.00,WAT,0.00
587,GT,Laidlaw Energy,3.40,1.00,3.40,7.00,0.00,NG,9.82
588,ST,Laidlaw Energy,2.40,1.00,2.40,3.00,0.00,NG,12.60
589,HY,Long Falls Hydro,3.30,1.00,3.30,0.00,0.00,WAT,0.00
590,HY,Lyonsdale Assoc. (Burrows),3.00,1.00,3.00,0.00,0.00,WAT,0.00
591,HY,Mechanicville,3.80,1.00,3.80,0.00,0.00,WAT,0.00
592,HY,Mount Ida Hydro,3.00,1.00,3.00,0.00,0.00,WAT,0.00
593,HY,Newport Hydro Assoc.,1.70,1.00,1.70,0.00,0.00,WAT,0.00
594,HY,Northbrook Carthage,4.40,1.00,4.40,0.00,0.00,WAT,0.00
595,CG,Nottingham High School,0.20,1.00,0.20,3.00,0.00,NG,6.45
596,HY,Oakvale Construction,0.40,1.00,0.40,0.00,0.00,WAT,0.00
597,HY,Ogdensburg Hydro,3.50,1.00,3.50,0.00,0.00,WAT,0.00
598,IC,Onondaga Energy Partners,1.40,1.00,1.40,3.00,0.00,MTE,6.45
599,ST,Oswego County,3.60,1.00,3.60,3.00,0.00,REF,13.50
600,HY,Oswego Hydro Partners LP (Phoenix),3.40,1.00,3.40,0.00,0.00,WAT,0.00
601,HY,Riverrat Glass & Electric,0.60,1.00,0.60,0.00,0.00,WAT,0.00
602,HY,Sandy Hollow Hydro Assoc.,0.60,1.00,0.60,0.00,0.00,WAT,0.00
603,HY,Seneca Limited,0.20,1.00,0.20,0.00,0.00,WAT,0.00
604,IC,St. Elizabeth Medical Center,0.60,1.00,0.60,3.00,0.00,NG,6.45
605,HY,Stevens&Thompson Paper Co.,10.50,1.00,10.50,0.00,0.00,WAT,0.00
606,HY,Stillwater Assoc.,1.80,1.00,1.80,0.00,0.00,WAT,0.00
607,HY,Stillwater Hydro Partners LP,3.40,1.00,3.40,0.00,0.00,WAT,0.00
608,HY,Stuyvesant Falls Hydro,7.00,1.00,7.00,0.00,0.00,WAT,0.00
609,IC,Sustainable Bioelectric LLC,0.60,1.00,0.60,3.00,0.00,MTE,6.45
610,HY,Synergics - Middle Greenwich,0.20,1.00,0.20,0.00,0.00,WAT,0.00
611,HY,Synergics - Union Falls,3.00,1.00,3.00,0.00,0.00,WAT,0.00
612,HY,Synergics - Upper Greenwich,0.40,1.00,0.40,0.00,0.00,WAT,0.00
613,HY,Tannery Island,1.50,1.00,1.50,0.00,0.00,WAT,0.00
614,HY,Town of Wells (Lake Algonquin),0.50,1.00,0.50,0.00,0.00,WAT,0.00
615,IC,Tri-City JATC,0.00,1.00,0.00,3.00,0.00,NG,6.45
616,HY,Unionville Hydro,3.00,1.00,3.00,0.00,0.00,WAT,0.00
617,CG,United States Gypsum,5.80,1.00,5.80,40.00,0.00,NG,6.45
618,HY,Valatie Falls,0.10,1.00,0.10,0.00,0.00,WAT,0.00
619,HY,Valley Falls Assoc.,2.50,1.00,2.50,0.00,0.00,WAT,0.00
620,HY,Village of Gouverneur,0.10,1.00,0.10,0.00,0.00,WAT,0.00
621,HY,Village of Potsdam,0.80,1.00,0.80,0.00,0.00,WAT,0.00
622,HY,Village of Potsdam 2,0.50,1.00,0.50,0.00,0.00,WAT,0.00
623,HY,Village of Saranac Lake,0.20,1.00,0.20,0.00,0.00,WAT,0.00
624,HY,Wave Hydro LLC,0.80,1.00,0.80,0.00,0.00,WAT,0.00
625,WT,Steel Wind,20.00,1.00,20.00,0.00,0.00,WND,0.00
626,NB,Nine Mile Point 1,641.80,1.00,641.80,2.00,0.00,UR,10.46
627,NB,Nine Mile Point 2,1399.00,1.00,1399.00,2.00,0.00,UR,10.46
628,WT,Altona Wind Power,97.50,1.00,97.50,0.00,0.00,WND,0.00
629,WT,Bliss Wind Power,100.50,1.00,100.50,0.00,0.00,WND,0.00
630,WT,Chateaugay Wind Power,106.50,1.00,106.50,0.00,0.00,WND,0.00
631,WT,Clinton Wind Power,100.50,1.00,100.50,0.00,0.00,WND,0.00
632,WT,Ellenburg Wind Power,81.00,1.00,81.00,0.00,0.00,WND,0.00
633,WT,Wethersfield Wind Power,126.00,1.00,126.00,0.00,0.00,WND,0.00
634,HY,Hampshire Paper,3.40,1.00,3.40,0.00,0.00,WAT,0.00
635,HY,Lyons Falls Hydro (BTM:NG),8.00,1.00,8.00,0.00,0.00,WAT,0.00
636,GT,Arthur Kill GT 1,20.00,1.00,20.00,7.00,0.00,NG,9.82
637,ST,Arthur Kill ST 2,376.20,1.00,376.20,3.00,0.00,NG,9.82
638,ST,Arthur Kill ST 3,535.50,1.00,535.50,3.00,0.00,NG,9.82
639,JE,Astoria GT 2-1,46.50,1.00,46.50,3.00,0.00,KER,9.82
640,JE,Astoria GT 2-2,46.50,1.00,46.50,3.00,0.00,KER,9.82
641,JE,Astoria GT 2-3,46.50,1.00,46.50,3.00,0.00,KER,9.82
642,JE,Astoria GT 2-4,46.50,1.00,46.50,3.00,0.00,KER,9.82
643,JE,Astoria GT 3-1,46.50,1.00,46.50,3.00,0.00,KER,9.82
644,JE,Astoria GT 3-2,46.50,1.00,46.50,3.00,0.00,KER,9.82
645,JE,Astoria GT 3-3,46.50,1.00,46.50,3.00,0.00,KER,9.82
646,JE,Astoria GT 3-4,46.50,1.00,46.50,3.00,0.00,KER,9.82
647,JE,Astoria GT 4-1,46.50,1.00,46.50,3.00,0.00,KER,9.82
648,JE,Astoria GT 4-2,46.50,1.00,46.50,3.00,0.00,KER,9.82
649,JE,Astoria GT 4-3,46.50,1.00,46.50,3.00,0.00,KER,9.82
650,JE,Astoria GT 4-4,46.50,1.00,46.50,3.00,0.00,KER,9.82
651,ST,Oswego 5,901.80,1.00,901.80,3.00,0.00,FO6,9.82
652,ST,Oswego 6,901.80,1.00,901.80,3.00,0.00,FO6,9.82
653,IC,Oswego IC 1,0.70,1.00,0.70,3.00,0.00,FO2,6.45
654,IC,Oswego IC 2,0.80,1.00,0.80,3.00,0.00,FO2,6.45
655,IC,Oswego IC 3,0.80,1.00,0.80,3.00,0.00,FO2,6.45
656,HY,Buttermilk Falls,0.10,1.00,0.10,0.00,0.00,WAT,0.00
657,IC,Intl. Crossroads,3.00,1.00,3.00,3.00,0.00,NG,6.45
658,IC,Landfill G.Part19,2.50,1.00,2.50,3.00,0.00,MTE,6.45
659,IC,Middletown LFG,3.00,1.00,3.00,3.00,0.00,MTE,6.45
660,CC,Bethlehem Energy Center,893.10,1.00,893.10,3.00,0.00,NG,6.45
661,NP,R. E. Ginna,614.00,1.00,614.00,2.00,0.00,UR,10.46
662,ST,Fort Drum,55.50,1.00,55.50,3.00,0.00,WD,12.60
663,HY,Mills Mills,0.20,1.00,0.20,0.00,0.00,WAT,0.00
664,HY,Mt Morris,0.30,1.00,0.30,0.00,0.00,WAT,0.00
665,HY,Station 2 1,8.50,1.00,8.50,0.00,0.00,WAT,0.00
666,HY,Station 26 1,3.00,1.00,3.00,0.00,0.00,WAT,0.00
667,HY,Station 5 1,14.00,1.00,14.00,0.00,0.00,WAT,0.00
668,HY,Station 5 2,13.60,1.00,13.60,0.00,0.00,WAT,0.00
669,HY,Station 5 3,18.00,1.00,18.00,0.00,0.00,WAT,0.00
670,IC,Charles P Keller 07,2.00,1.00,2.00,3.00,0.00,FO2,6.45
671,IC,Charles P Keller 09,3.50,1.00,3.50,3.00,0.00,FO2,6.45
672,IC,Charles P Keller 10,3.50,1.00,3.50,3.00,0.00,FO2,6.45
673,IC,Charles P Keller 11,5.20,1.00,5.20,3.00,0.00,FO2,6.45
674,IC,Charles P Keller 12,5.50,1.00,5.50,3.00,0.00,FO2,6.45
675,IC,Charles P Keller 13,5.50,1.00,5.50,3.00,0.00,FO2,6.45
676,IC,Charles P Keller 14,6.20,1.00,6.20,3.00,0.00,FO2,6.45
677,IC,Ontario LFGE,11.20,1.00,11.20,3.00,0.00,MTE,6.45
678,IC,Seneca Energy 1,8.80,1.00,8.80,3.00,0.00,MTE,6.45
679,IC,Seneca Energy 2,8.80,1.00,8.80,3.00,0.00,MTE,6.45
680,HY,Seneca Falls 1,1.80,1.00,1.80,0.00,0.00,WAT,0.00
681,HY,Seneca Falls 2,1.80,1.00,1.80,0.00,0.00,WAT,0.00
682,HY,Seneca Falls 4,2.00,1.00,2.00,0.00,0.00,WAT,0.00
683,CC,Allegany,67.00,1.00,67.00,3.00,0.00,NG,6.45
684,CC,Batavia,67.30,1.00,67.30,3.00,0.00,NG,6.45
685,CC,Carthage Energy,62.90,1.00,62.90,3.00,0.00,NG,6.45
686,JE,Hillburn GT,46.50,1.00,46.50,3.00,0.00,NG,6.45
687,JE,Shoemaker GT,41.90,1.00,41.90,3.00,0.00,NG,6.45
688,CC,Sterling,65.30,1.00,65.30,3.00,0.00,NG,6.45
689,WT,High Sheldon Wind Farm,118.10,1.00,118.10,0.00,0.00,WND,0.00
690,PV,Shoreham Solar,25.00,1.00,25.00,0.00,0.00,SUN,0.00
691,ST,Somerset,655.10,1.00,655.10,3.00,0.00,BIT,8.80
692,ES,Beacon LESR,20.00,1.00,20.00,0.00,0.00,FW,0.00
693,WT,Orangeville Wind Farm,93.90,1.00,93.90,0.00,0.00,WND,0.00
694,GT,Freeport CT 1,60.00,1.00,60.00,7.00,0.00,NG,9.82
695,CC,Saranac Energy,285.60,1.00,285.60,3.00,0.00,NG,6.45
696,HY,Chateaugay High Falls,1.70,1.00,1.70,0.00,0.00,WAT,0.00
697,WT,Western NY Wind Power,6.60,1.00,6.60,0.00,0.00,WND,0.00
698,ST,Wheelabrator Hudson Falls,14.40,1.00,14.40,3.00,0.00,REF,13.50
699,ST,Wheelabrator Westchester,59.70,1.00,59.70,3.00,0.00,REF,13.50
700,OWT,Empire Wind,0.00,1.00,0.00,0.00,0.00,WND,0.00